hiring_company,Title,Location,Posted,get_url,site_name
CTDI,,,"Apr 18, 2022","https://www.glassdoor.com/job-listing/human-resources-manager-swedesboro-nj-ctdi-JV_IC1157502_KO0,37_KE38,42.htm?jl=1007802839123",glassdoor
Tabula Rasa Healthcare,,,"Apr 12, 2022","https://www.glassdoor.com/job-listing/director-human-resources-tabula-rasa-healthcare-JV_IC1127128_KO0,24_KE25,47.htm?jl=1007786134375",glassdoor
Suncloud LLC,,,"May 08, 2022","https://www.glassdoor.com/job-listing/human-resource-representative-suncloud-llc-JV_IC1127202_KO0,29_KE30,42.htm?jl=1007845639564",glassdoor
ARRI Rental,,,"May 03, 2022","https://www.glassdoor.com/job-listing/human-resources-generalist-arri-rental-JV_KO0,26_KE27,38.htm?jl=1007688131639",glassdoor
Uptown Bakeries a division of J&J Snack Foods Inc.,,,"May 08, 2022","https://www.glassdoor.com/job-listing/human-resources-manager-uptown-bakeries-a-division-of-jj-snack-foods-inc-JV_IC1127084_KO0,23_KE24,72.htm?jl=1007777545178",glassdoor
"Hoffman's Exterminating Co.,Inc",,,"Apr 30, 2022","https://www.glassdoor.com/job-listing/director-of-people-and-culture-hoffman-s-exterminating-co-inc-JV_IC1127160_KO0,30_KE31,61.htm?jl=1007830690918",glassdoor
Larc School,,,"May 10, 2022","https://www.glassdoor.com/job-listing/human-resources-generalist-larc-school-JV_IC1127078_KO0,26_KE27,38.htm?jl=1007851289871",glassdoor
"JPMorgan Chase Bank, N.A.",,,"May 11, 2022","https://www.glassdoor.com/job-listing/30-hr-associate-banker-network-expansion-willingboro-branch-willingboro-nj-jpmorgan-chase-bank-na-JV_IC1127170_KO0,74_KE75,97.htm?jl=1007853038337",glassdoor
Hensel Recycling North America,,,"May 10, 2022","https://www.glassdoor.com/job-listing/part-or-full-time-human-resources-manager-executive-assistant-hensel-recycling-north-america-JV_IC1127167_KO0,61_KE62,92.htm?jl=1007851505525",glassdoor
ANCORA PSYCHIATRIC HOSPITAL,,,"Apr 20, 2022","https://www.glassdoor.com/job-listing/human-resources-payroll-clerk-ancora-psychiatric-hospital-JV_IC3716286_KO0,29_KE30,57.htm?jl=1007807624298",glassdoor
Hendricks House,,,"Apr 24, 2022","https://www.glassdoor.com/job-listing/human-resources-manager-hendricks-house-JV_IC1127196_KO0,23_KE24,39.htm?jl=1007738947376",glassdoor
Ainsley Search Group,,,"May 02, 2022","https://www.glassdoor.com/job-listing/compensation-and-benefits-specialist-ainsley-search-group-JV_IC1127106_KO0,36_KE37,57.htm?jl=1007835342025",glassdoor
Private Food Manufacturer,,,"May 06, 2022","https://www.glassdoor.com/job-listing/human-resources-representative-private-food-manufacturer-JV_IC1127202_KO0,30_KE31,56.htm?jl=1007843456556",glassdoor
Aramark,,,"Apr 28, 2022","https://www.glassdoor.com/job-listing/unit-human-resources-manager-healthcare-aramark-JV_IC1127090_KO0,39_KE40,47.htm?jl=1007827834310",glassdoor
"Persante Health Care, Inc.",,,"May 04, 2022","https://www.glassdoor.com/job-listing/clinical-recruitment-manager-persante-health-care-inc-JV_IC1127131_KO0,28_KE29,53.htm?jl=1007839001352",glassdoor
"Edmund Optics, Inc.",,,"May 04, 2022","https://www.glassdoor.com/job-listing/receptionist-hr-coordinator-edmund-optics-inc-JV_IC1127077_KO0,27_KE28,45.htm?jl=1007838656590",glassdoor
"CCA, Inc.",,,"May 01, 2022","https://www.glassdoor.com/job-listing/learning-and-development-specialist-cca-inc-JV_KO0,35_KE36,43.htm?jl=1007760297108",glassdoor
Dr. Schar USA,,,"Apr 13, 2022","https://www.glassdoor.com/job-listing/hr-representative-dr-schar-usa-JV_IC1127160_KO0,17_KE18,30.htm?jl=1007640440239",glassdoor
Refined Hospitality,,,"Apr 20, 2022","https://www.glassdoor.com/job-listing/corporate-director-human-resources-refined-hospitality-JV_KO0,34_KE35,54.htm?jl=1007807801113",glassdoor
Léon,,,"Apr 25, 2022","https://www.glassdoor.com/job-listing/human-resources-manager-léon-JV_IC1152672_KO0,23_KE24,28.htm?jl=1007818922602",glassdoor
"Haines & Kibblehouse, Inc.",,,"May 11, 2022","https://www.glassdoor.com/job-listing/human-resource-administrator-haines-kibblehouse-inc-JV_IC1152672_KO0,28_KE29,51.htm?jl=1007853622964",glassdoor
Northstar VETS,,,"Apr 27, 2022","https://www.glassdoor.com/job-listing/talent-acquisition-specialist-northstar-vets-JV_KO0,29_KE30,44.htm?jl=1007674515909",glassdoor
AppleOne,,,"Apr 21, 2022","https://www.glassdoor.com/job-listing/recruiter-prestigious-organization-work-from-home-appleone-JV_IC1152672_KO0,49_KE50,58.htm?jl=1007809171823",glassdoor
Legacy Treatment Services,,,"May 09, 2022","https://www.glassdoor.com/job-listing/human-resources-coordinator-legacy-treatment-services-JV_IC1127112_KO0,27_KE28,53.htm?jl=1007848854589",glassdoor
First Onsite,,,"Apr 20, 2022","https://www.glassdoor.com/job-listing/human-resources-business-partner-northeast-first-onsite-JV_KO0,42_KE43,55.htm?jl=1007807424155",glassdoor
Capstone Logistics LLC,,,"May 06, 2022","https://www.glassdoor.com/job-listing/seasonal-assistant-recruiter-10-00am-3-00pm-capstone-logistics-llc-JV_IC1127160_KO0,43_KE44,66.htm?jl=1007843276325",glassdoor
Millennial Consultants,,,"Apr 12, 2022","https://www.glassdoor.com/job-listing/benefits-specialist-millennial-consultants-JV_KO0,19_KE20,42.htm?jl=1007787134807",glassdoor
Legacy Treatment Services,,,"May 09, 2022","https://www.glassdoor.com/job-listing/recruiting-manager-legacy-treatment-services-JV_IC1127112_KO0,18_KE19,44.htm?jl=1007848877822",glassdoor
Confidential,,,"Apr 26, 2022","https://www.glassdoor.com/job-listing/human-resources-manager-confidential-JV_IC1152672_KO0,23_KE24,36.htm?jl=1007822122510",glassdoor
Chester Community Charter School,,,"May 05, 2022","https://www.glassdoor.com/job-listing/hr-business-partner-chester-community-charter-school-JV_IC1152544_KO0,19_KE20,52.htm?jl=1007840144064",glassdoor
Frontier Behavioral Health,,,"May 10, 2022","https://www.glassdoor.com/job-listing/human-resource-generalist-frontier-behavioral-health-JV_IC1150554_KO0,25_KE26,52.htm?jl=1007851680874",glassdoor
Benihana,,,"May 11, 2022","https://www.glassdoor.com/job-listing/human-resource-generalist-benihana-JV_IC1166089_KO0,25_KE26,34.htm?jl=1007853623083",glassdoor
Jewish Family Service of Colorado,,,"Apr 19, 2022","https://www.glassdoor.com/job-listing/chief-human-resource-officer-jewish-family-service-of-colorado-JV_IC1148170_KO0,28_KE29,62.htm?jl=1007804375592",glassdoor
McDonald's,,,"Apr 22, 2022","https://www.glassdoor.com/job-listing/human-resources-specialist-mcdonald-s-JV_IC1146814_KO0,26_KE27,37.htm?jl=1007735062298",glassdoor
"Advantage Communications Group, LLC",,,"Apr 16, 2022","https://www.glassdoor.com/job-listing/human-resources-generalist-advantage-communications-group-llc-JV_KO0,26_KE27,61.htm?jl=1007720567175",glassdoor
"Everett Agencies of Dallas, Texas",,,"May 04, 2022","https://www.glassdoor.com/job-listing/employee-benefits-specialist-everett-agencies-of-dallas-texas-JV_IC1139977_KO0,28_KE29,61.htm?jl=1007838778045",glassdoor
Files.com,,,"Apr 12, 2022","https://www.glassdoor.com/job-listing/technical-recruiter-files-com-JV_KO0,19_KE20,29.htm?jl=1007171559684",glassdoor
Confidential,,,"May 10, 2022","https://www.glassdoor.com/job-listing/human-resources-business-partner-confidential-JV_IC1128808_KO0,32_KE33,45.htm?jl=1007851705380",glassdoor
"Excellence Services, LLC",,,"May 06, 2022","https://www.glassdoor.com/job-listing/remote-senior-hr-specialist-personal-assistant-excellence-services-llc-JV_KO0,46_KE47,70.htm?jl=1007842026210",glassdoor
Aspen Valley Hospital,,,"Apr 14, 2022","https://www.glassdoor.com/job-listing/chief-human-resources-officer-aspen-valley-hospital-JV_IC1147931_KO0,29_KE30,51.htm?jl=1007714995063",glassdoor
"Marriott International, Inc",,,"May 04, 2022","https://www.glassdoor.com/job-listing/human-resource-representative-marriott-international-inc-JV_IC1154171_KO0,29_KE30,56.htm?jl=1007838335826",glassdoor
BOEING,,,"May 04, 2022","https://www.glassdoor.com/job-listing/experienced-human-resources-generalist-boeing-JV_IC1150501_KO0,38_KE39,45.htm?jl=1007838773490",glassdoor
Society for Science & the Public,,,"Apr 18, 2022","https://www.glassdoor.com/job-listing/human-resources-director-society-for-science-the-public-JV_IC1138213_KO0,24_KE25,55.htm?jl=1007801860709",glassdoor
Lumen,,,"May 11, 2022","https://www.glassdoor.com/job-listing/human-resource-shared-services-coordinator-ii-specialized-services-lumen-JV_KO0,66_KE67,72.htm?jl=1007709472433",glassdoor
Luna Physical Therapy,,,"May 06, 2022","https://www.glassdoor.com/job-listing/human-resource-manager-luna-physical-therapy-JV_IC1147225_KO0,22_KE23,44.htm?jl=1007771710602",glassdoor
1st Choice Family Services,,,"May 05, 2022","https://www.glassdoor.com/job-listing/director-of-human-resources-1st-choice-family-services-JV_KO0,27_KE28,54.htm?jl=1007840407825",glassdoor
Twelve,,,"Apr 16, 2022","https://www.glassdoor.com/job-listing/human-resource-business-partner-twelve-JV_IC1147330_KO0,31_KE32,38.htm?jl=1007720397613",glassdoor
AFC Urgent Care Denver,,,"May 10, 2022","https://www.glassdoor.com/job-listing/human-resources-manager-afc-urgent-care-denver-JV_IC1148170_KO0,23_KE24,46.htm?jl=1007851429875",glassdoor
Intellects Group,,,"Apr 30, 2022","https://www.glassdoor.com/job-listing/payroll-hr-implementation-consultant-intellects-group-JV_KO0,36_KE37,53.htm?jl=1007149781857",glassdoor
ACL Digital,,,"Apr 19, 2022","https://www.glassdoor.com/job-listing/human-resources-representative-senior-remote-acl-digital-JV_KO0,44_KE45,56.htm?jl=1007804822921",glassdoor
"Global Water Resources, Inc.",,,"May 09, 2022","https://www.glassdoor.com/job-listing/human-resource-director-global-water-resources-inc-JV_IC1133904_KO0,23_KE24,50.htm?jl=1007849236907",glassdoor
NPSG Global,,,"May 10, 2022","https://www.glassdoor.com/job-listing/director-of-human-resources-north-america-npsg-global-JV_IC1155654_KO0,41_KE42,53.htm?jl=1007851064345",glassdoor
Jellysmack,,,"Apr 12, 2022","https://www.glassdoor.com/job-listing/talent-acquisition-specialist-jellysmack-JV_IC1146821_KO0,29_KE30,40.htm?jl=1007785279608",glassdoor
Telvista,,,"May 06, 2022","https://www.glassdoor.com/job-listing/hris-specialist-telvista-JV_KO0,15_KE16,24.htm?jl=1007844071331",glassdoor
Solarity Credit Union,,,"Apr 25, 2022","https://www.glassdoor.com/job-listing/payroll-and-hris-specialist-remote-solarity-credit-union-JV_KO0,34_KE35,56.htm?jl=1007672597408",glassdoor
Ventura Unified School District,,,"May 10, 2022","https://www.glassdoor.com/job-listing/human-resources-specialist-ventura-unified-school-district-JV_IC1146989_KO0,26_KE27,58.htm?jl=1007851539144",glassdoor
Confidential,,,"Apr 21, 2022","https://www.glassdoor.com/job-listing/training-organizational-development-specialist-confidential-JV_KO0,46_KE47,59.htm?jl=1007730794416",glassdoor
New Level Resources,,,"May 10, 2022","https://www.glassdoor.com/job-listing/human-resource-director-new-level-resources-JV_IC1146821_KO0,23_KE24,43.htm?jl=1007851829736",glassdoor
FIT HR,,,"May 10, 2022","https://www.glassdoor.com/job-listing/hr-consultant-fit-hr-JV_IC1150505_KO0,13_KE14,20.htm?jl=1007852066144",glassdoor
Lumen,,,"May 06, 2022","https://www.glassdoor.com/job-listing/senior-human-resource-automation-analyst-remote-lumen-JV_KO0,47_KE48,53.htm?jl=1007843723261",glassdoor
Aspire Staffing Group,HR Manager,"Philadelphia, PA, USA",yesterday,https://www.ziprecruiter.com/k/l/AAKyOsadVnVqAv0IV6D5fva5r0CSbd0-AAZrC5NeoxPLgczWMB15m_fWSqpmBDDW9Lzc4xx2LeIg5lRyEcMn2_vGDPZvBl143Wssk8J0evFQbvhcMbdnuZN7UwUjgTR5gluSpvmgbKIK9S5uMm_eIk5JejLUc9xogMRs8AjCuzwRt4MqKf9OGPO6fEJBHwc,ziprecruiter
Aspire Staffing Group,HR Business Partner,"Philadelphia, PA, USA",yesterday,https://www.ziprecruiter.com/k/l/AAKMyUh--PIqBZAzuv3qwY2RNpDakZQl5l0gPOPGkkr2Tv2HM8tbc0B8qfLX25reNiIBlDJO8gC1RF0jbzvxUuuXcs88ugAUgqHhzeI1B6YXZlelXgSkSsqmZz0nsMOi6nOpEgJnCwMpa9nhNNQYl2tywLGKcG9HKyjvd0o5rg-Bb8X9nfYD6H9Li83S85s,ziprecruiter
Noor Staffing,Recruiter,"Philadelphia, PA, USA",19 hours ago,https://www.ziprecruiter.com/k/l/AAJIVJ-_AfugNtu4lwYBeq8epim3y8RBcq0hlWT4Lm4MFWY7LdtaY4MmPpawHQJDE7J_8UXZtGhOSCri7B9pHCd56-vTuuPsFyLwp0YrnsJHhtVp00zyxMWy1h_FTmFq0BbOkOZM0YSuVyHPrZPH2Oq7NRso8-ZWBMZRszpUrKyasK7kfuvmcDYUsvmhUSY,ziprecruiter
The Bettinger Company,Human Resources Assistant - 15.00/hr.,"Philadelphia, PA, USA",yesterday,https://www.ziprecruiter.com/k/l/AAI-uAFdbfqk5wdOrg-ue7efgNuJud8qtKpHAOPgfCo7w7raaKJc2tFeJwAmA2AMS-iji6QMTd8_HVdIzxD6vYc_7vQyZjbhTzCPskzST_7OAqqGzBdtLCmHvwoGsyrdQT0_G5ecHeyfVptSvzhtMwpjWLZI5FnomuOgv9i0N5nhSdom_1PyaSakiFwM_P4,ziprecruiter
Allied Universal,Security Flex Officer,"Vineland, NJ, USA",2 days ago,https://www.ziprecruiter.com/ek/l/AAIGzm6aO0MQshl8h8xhXgB9tyLmJNkiJfP2IU4cssecuhknrjwHyd33PHfO2KLuS-SfmHbykleaqwK8VyUoiSoqHqg9yWmSb-h30c-iIfxVUCYYgqoaZIQ71uGIHOhwQhd46gkOWA8J-BRfXGR3VOJnUd1Jan-X7iPDi3CoccYfWvhJRsUuT6DIL-H5TGY,ziprecruiter
Herr Foods Inc,"Route Sales Representative (Egg Harbor City, NJ)","Egg Harbor City, United States",2 days ago,https://www.ziprecruiter.com/ek/l/AAImWJ0m2_fbxLMiDECse8pQF0rovCiILfAOoWk8XYsAVppaQx1K99uTlO4-ifNPQM10iZy340Xlulu5hks6JjTtMqYjcD1PztQmmrvhe9-ykYE8K_hHwciudhnWSUAfb3yj-KPGisHnsT8BuxxdjuujKJtX4Nj6sTYkJxqpBzfHxFD8euw0jvMlFPMji8Q,ziprecruiter
Agiliti Health,Human Resource Generalist,"Mt. Laurel, USA",yesterday,https://www.ziprecruiter.com/k/l/AALLF6Ti2pbg324ccbw1SFgW7hvchs74FMFwd7A0ho2eo5IVakBaP24k-5luGtRGFOgfzlcXeHd0zSc6MogwhmLJ0m-HSVA6CzrqcqBJHK4UG4VYhGFFeRXsEqwHz7pcFidZZtFuKXFSshCp-2D9zcLQ-JID-pOMMVY-I7vpMqHBSXFujfkNV26HqF_BknQ,ziprecruiter
MSI,"Local CDL B Truck Driver - Home Daily ($3,000 Sign On Bonus)","Philadelphia, United States",yesterday,https://www.ziprecruiter.com/ek/l/AAIAjyV6waS3a8oQ-RC9rnRQBKiLxdiZwIQ0hy2PPQpoWpC7KQGhA6KAnqby3UphLoHk_71g7x7LN7cyNSLcWq09-rXJrXALMXUGXso0kxhHMfTpsflQJsQy7iCMMRjdlUjtArVvAuhUsYbRbwO32M4ouPzlZDT76EVq7ZsEdFzyqMBmxwZIm42Dqawcyx4,ziprecruiter
Randstad,Tax Assistant,"Mount Laurel, NJ, USA",19 hours ago,https://www.ziprecruiter.com/k/l/AAJvKmRtDyjkMnGxxUa2pJCpFqEnxgMpyWizJLQLLnkj-OSA4KOrbF6WHRvpc3SfiRhQDGcSBgiiML9sR2rGIGyQjlujnLYmzQsbY9DCov_z0z8mlhvnOoQA6VRdlcaD_OlgHHtR6mFcf5b9o-qhF1wBjeWJ4LBQFljCEmB_E2qy0jpng3yrBJVDaag0WRI,ziprecruiter
West Philadelphia Achievement Charter Elementary School,Finance and Human Resources Assistant,"Philadelphia, PA, USA",yesterday,https://www.ziprecruiter.com/k/l/AAKnPe0n47_gj9L7eJdzC2uCBvRwO5HXsPx3v6xy50lpGF6qiZD7YoUhYu43ifi_YG21yl-5Q2hs3ZBEB0T5lxh6piyHrMguLD42dV7LKY3pmdT57y1YbzZE-apntxb0-U6szdRazjz-B2Oj7KE14iMpv91PGKUxi4xh7DU0Q9ifSkJZOAzoW6ujbOtzPxOt,ziprecruiter
Contemporary Staffing Solutions,Client Services Coordinator,"Philadelphia, PA, USA",16 hours ago,https://www.ziprecruiter.com/k/l/AAJRSUrwparjakAlp1XhvHhSD2s1XCmnFY7FIAHbNGk3634-d1-oU9auJOK4Qeu31kcaeBtEuiQfwRmIXPIQ-mZir6XYD8bWSDg6c4ZX4H428qZtLCrFUOKuQx1G1N_O9Y0JepwPeY2YyTtZRHiF4ZFAOT1MGjC28UdSQRlYeijOB_xWQVBBKa-MlKj__ctb,ziprecruiter
Volt,Staffing Consultant,"Philadelphia, PA, USA",22 hours ago,https://www.ziprecruiter.com/k/l/AAILyf9V0ddc0fuy4O5uiaI2pVHw5DzdLCNx1-1ezWQYGrC8OuT9y9bfHQnCzDyJ8FeA_YzMUNvbGJ6_ZbGdgtSHx7v0RULYLdxTfUAjmjAdImOPJltzYAZGJBuF91F9m9ZeVxkWj6nvE3H2r6ELiIOYTssqYCaxf-VHqOK9hNv86axgLDfoL7hA623mMlB8,ziprecruiter
Allied Universal,Security Officer Full Time,"Vineland, NJ, USA",2 days ago,https://www.ziprecruiter.com/ek/l/AAK7l3X9uAVtomqvlm1y9tNRk2Z09jGvSfmkDu5IT2s8vixLw0dIh804wt28n6wmFT3MnVYi1dbkSWGAH3yHGcqJXyvs63SxM91ptLhj8y23PitIaAqp8EeB_m1i36qLexeLRJ-pYTrQQI_FRViiSdnvBYhi3frEWjipe1fdtiBbGi9Zc9GNRVxoPsImAn_S,ziprecruiter
SEMrush Holdings Inc.,HR Business Partner (HR Division),"Philadelphia, United States",2 days ago,https://www.ziprecruiter.com/ek/l/AAIsLgC7g1edJEErUQR_ETQS8qVD6-fXrNk03qpLlqIK05iyBwHRAiNuH00KyA96aYPnO6qHevML8dPMUTBk6ICUcRMLRcrkFSlBjRfcXClNkLwVTNXuxHkic8ddSsCW8TCUBZJUsUPYixUM_qRBppYjYMv_e-jmfSU5_PgVltK5vQNcZQ-N55_hSJzqxdTl,ziprecruiter
AlliedUP Cooperative Inc.,Cath Lab RN,"Philadelphia, PA, USA",13 hours ago,https://www.ziprecruiter.com/k/l/AAIGZ4Yyqh9LwcOJN6ijscQARnT2eqUVNc9p19YaBFACnm33oiXcVIRdqGw88YATENqloAwB20BqxaxSN12LvLDrWYVwFJS7letgRgv2QlVrzF4GFWYj41S_Zfe98WhF9e0pxkQeKMHvmGOfzqVFqK7lqSZBJUdhT1SE5hl2Q-W51LhfZkc3rAlnKUka-DX7,ziprecruiter
Temple University,"Assistant Dean, Diversity, Inclusion and Human Resources","Philadelphia, PA, USA",19 hours ago,https://www.ziprecruiter.com/k/l/AAIxV1Uhza_feA7Hn582dRWwWJtfn1t3NKIdcYPg0kjJi8R7nPAMmBbUqnIv8o4BvGgFeKki7exP56u60Z-QRDhBrf__zOfzQza92hcKFhiqvsg31WFuUQop-BD22HpTwGEJBATQYRHmYPFij8SacrTILBxdtpApWZklA8ccqyi104mJvFPgy6puuhnlR8D4,ziprecruiter
Wyndham Hotels & Resorts,Human Resources Coordinator,"Philadelphia, 19106",yesterday,https://www.ziprecruiter.com/k/l/AAJrYEk4tyqgCROg8bt5ZGSFrCTB634jWREsiW-Gx7wU1MD3SWgLyWKuxBGonO3H2s6AcKtzrxQdMvPx8uB8QR7ZXCMdxdWIU-OzL0O0XUcYrvcs3EkFqKYpLwVDLzmV6XVGKTsjj4TXmjlOlJFl0c9rRzupkYMp69au4RpgQampJT8CtVVClr3ldesCftMu,ziprecruiter
Contemporary Staffing Solutions,Customer Service Representative,"Camden, NJ, USA",21 hours ago,https://www.ziprecruiter.com/k/l/AALNXfPXczeR2aP8J3MsjG07R7OBCmGB_chkz7t0SdnmAonImrUpVNZfoePuo2d5bY4vdzuJk-qjyWafKsuBt2PB_qp6nBB2_avm6pJmZUGbxNh6bGplBnPGJDVr8JVoly_DHPA5gqk6YbDkHHvJyCXhmn8byROFzuGBXxyNPbe8ERXImic5QPQzuZ8sz-2P,ziprecruiter
"Day & Zimmermann Group, Inc",Data Privacy Program Analyst,"Philadelphia, PA, USA",13 hours ago,https://www.ziprecruiter.com/k/l/AALheJvhxM3_spuVvFZeDRubr-wQsMS4EjUBVxxa2BBeR_dCjSvBperHTx9DqwToQfa0APlopad69REUcZTAQRDtEx4I-Wvla3I0G5py7_65MggzgYlmP3zJ0BP-kTnxJuH5X6w3Lmu9wSXPrOtLcbrI-esAJ_CGCa9cOSWLWJDvFNM8dVDmeP1ceBfyayFK,ziprecruiter
KYYBA,Warehouse Operatives Required,"Mount Laurel, NJ, USA",yesterday,https://www.ziprecruiter.com/k/l/AAJpexVRFD-3g1F46Oh5KzOHRMJUX9Iep-TpQCO5cyc8ptJFu_NkgtLiFxSmDUgmBmfr_bDs7G8NiFF0q5apmPXJfZcvLZkGZiDZOkRyEHkwrPNpLmB9Fx40NM4iHy19c0vwbyf9L1zgSqXI38NFi-f3ylKgI1ub8HkE_8XZklHro1GtGjV-QQxzu5mA4NmX,ziprecruiter
Herr Foods Inc,"Route Sales Representative (Egg Harbor City, NJ)","Egg Harbor City, United States",2 days ago,https://www.ziprecruiter.com/ek/l/AALKJ4SGajrdlUZ4LBqBs7xd1oVGgKUKzbEJO6mBN9F9iwPYEuQymYi_DQmkwhO15FscsVmBv9T0UpoGq7zpKqA9v3xe_I0DWjrA7lT29neNuWWCqZWl0BeYRfuZVqB_xJIfHfQABm3xqZpjCAVy8WRwZdeeMbw-qgY6M6qjnjAlpOJl0wePK9E7xpQiOQ,ziprecruiter
Allied Universal,Security Flex Officer,"Vineland, NJ, USA",2 days ago,https://www.ziprecruiter.com/ek/l/AAIi6zSrV3TQp0cOLXxYxHQ2Pqsgr194gZrhFXgGvDiFNfKMS6kn3oJbt4vFEJL3D20b_TOKGl2JesvflhH3vACTkmYPxoBcRl3iRw2GYlbrYXePnhsfE2e3NpvtsFPVuI8sxzUFz3SjCNN44d54_ESXbIMntmL1p-kDK7GtN8BW7VbjkHaHhn7OFKqxkg,ziprecruiter
Allied Universal,Security Officer Full Time,"Vineland, NJ, USA",2 days ago,https://www.ziprecruiter.com/ek/l/AAI61wOEwEQktamZGUOc2MjZy7m9IrCyqELQEg-oZQc_VaixqInfbLH7M5yMPtb3RUX9PRwBJguCIFR6msouGJduRYo-1He7XGw433AuR6cdhM5dx0vez--a1BXEyAihOVY5aX5eU_zsx5hZvfwbjnmdzbRGY2OF8Ib-7-Ois2vqxiFDh8-rBXGmbIwvew,ziprecruiter
Spencer's,HRIS/Comp & Benefits Analyst,"Egg Harbor Township, United States",2 days ago,https://www.ziprecruiter.com/ek/l/AAJPv3UT7-mD6Kxs9OTfmuDzO1iCXe1LZEbD7lcZ0kDAlJo7lPXjrz9W3WSRSunHw0WbzEQbKyLgbYfRDitQ5cMPm2C88jjOqasv8IMZ2wHcKcMhi4JM84hrb0Qt9qb-JXA_7k8I0Ict3DcMqV9dTIR2i_8r3dny9Z5XB3jSJtubQMVNQMtpQYErQJRnSA,ziprecruiter
First In Service Staffing Solutions,Plant Director (Manufacturing),"Vineland, United States",2 days ago,https://www.ziprecruiter.com/ek/l/AAKIvQuFwzILGyuoi_naBMk9-PmBL3YfgY95aTUx8syqKUk-YR_gAW-5jlCHxTqkxvC9Wc4r7KBvuVZki6C1tOt1LaEEsqttyS8fHZ2GUq5AzzzNxGagO5E2j9XAdQFHiGRARtwHnLTgmdGcewzSY3eIvnx8kbppC-68ACbOKmpvO9wpGto2DbUx7bMSsA,ziprecruiter
Amcor,Quality Inspector,"Millville, USA",2 days ago,https://www.ziprecruiter.com/k/l/AALuhBwHjLsikfmzvjv5Cyeg3LD2Ey0c8MIV2sqD2NkzsA78A9LlWoQugXWyMN-gGddT1QaWFwTXlHJXBCG77k1trlx1ipsNbGWGtPp-h5Q0WJ26OJXMmwCxikThA9dk-W5kgRdQ4_dUqmvaSL0M0cfSXAOBgawCPbNS5EngsbjFhuOms2Z87n28trXeRA,ziprecruiter
'Hensel Recycling North America','Part- or Full-Time Human Resources Manager\/ Executive Assistant','08091',,https://www.indeed.com/jobs?q=HenselRecyclingNorthAmerica&l=WestBerlin&vjk=e85ec85c95ca5fbf,Indeed
'Suncloud LLC','Human Resource Representative','',,https://www.indeed.com/jobs?q=SuncloudLLC&l=Vineland&vjk=63e7c4a47ad054cc,Indeed
'Edmund Optics,'Receptionist\/HR Coordinator','08007',,https://www.indeed.com/jobs?q=EdmundOptics&l=Barrington&vjk=bb6e04f6732fcf57,Indeed
'Walmart','Human Resources Business Partner \u2013 Supply Chain','',,https://www.indeed.com/jobs?q=Walmart&l=TownshipofOldmans&vjk=399ef067cad3578f,Indeed
'Dr. Schar USA','HR Representative','08085',,https://www.indeed.com/jobs?q=Dr.ScharUSA&l=Swedesboro&vjk=36f1640e84c6f173,Indeed
'Hoffman\'s Exterminating Co.,'Director of People and Culture','',,https://www.indeed.com/jobs?q=Hoffman\sExterminatingCo.&l=Swedesboro&vjk=c5ec3940edbc9210,Indeed
'Vision Solar','Entry Level Recruiter','',,https://www.indeed.com/jobs?q=VisionSolar&l=Blackwood&vjk=1feb929179ffd3cb,Indeed
'Private Food Manufacturer','Human Resources Representative','',,https://www.indeed.com/jobs?q=PrivateFoodManufacturer&l=Vineland&vjk=0dc57967ce980766,Indeed
'Millennial Consultants','Benefits Specialist','',,https://www.indeed.com/jobs?q=MillennialConsultants&l=&vjk=01adc334531ed9fd,Indeed
'Jefferson - Camden County,'Staffing Coordinator - Relief,'08084',,https://www.indeed.com/jobs?q=Jefferson-CamdenCounty&l=Stratford&vjk=e1a018a5c56e3a16,Indeed
'Inspira Health Network','HUMAN RESOURCES REP','08360',,https://www.indeed.com/jobs?q=InspiraHealthNetwork&l=Vineland&vjk=959fb6d16b9cf782,Indeed
'KDC Group LLC','Human Resource Manager','08360',,https://www.indeed.com/jobs?q=KDCGroupLLC&l=Vineland&vjk=b6fc48f5a91fb8fc,Indeed
'Amazon.com Services LLC','Associate Partner,'',,https://www.indeed.com/jobs?q=Amazon.comServicesLLC&l=WestDeptford&vjk=95e1e41700a69029,Indeed
'Ainsley Search Group','Compensation and Benefits Specialist','',,https://www.indeed.com/jobs?q=AinsleySearchGroup&l=Glassboro&vjk=a90cbc0664aea343,Indeed
'Kellogg Company','HR Generalist II','',,https://www.indeed.com/jobs?q=KelloggCompany&l=BlueAnchor&vjk=d9f0aeb15a84df68,Indeed
